<?xml version="1.0" encoding="UTF-8" standalone="yes"?>
<addon id="plugin.program.ztwizard" name="ZT - The Wizard" version="6.0" provider-name="Sixt33n">
  <requires>
    <import addon="xbmc.python" version="2.1.0"/>
  </requires>
  <extension point="xbmc.python.pluginsource" library="default.py">
    <provides>executable</provides>
  </extension>
  <extension point="xbmc.service" library="startup.py" start="startup" />
  <extension point="xbmc.addon.metadata">
    <summary lang="en">Team_ZT</summary>
    <description lang="en">Team_ZT</description>
    <platform>all</platform>
  </extension>
</addon>
